{
    "u_d": {
        "call": "url-metrics",
        "description": "URL metrics on a domain level",
        "c": [
            "ut",
            "uu",
            "upl",
            "ueid",
            "peid",
            "uipl",
            "pid",
            "pmrp",
            "ptrp",
            "upa",
            "pda"
        ]
    },
    "u_s": {
        "call": "url-metrics",
        "description": "URL metrics on a subdomain level",
        "c": [
            "ut",
            "uu",
            "ufq",
            "ueid",
            "feid",
            "peid",
            "uipl",
            "fmrp",
            "pmrp",
            "ftrp",
            "ptrp",
            "us",
            "upa"
        ]
    },
    "u_p": {
        "call": "url-metrics",
        "description": "URL metrics on a page level",
        "c": [
            "ut",
            "uu",
            "upl",
            "ueid",
            "peid",
            "uipl",
            "pid",
            "pmrp",
            "ptrp",
            "us",
            "upa",
            "pda"
        ]
    },
    "t": {
        "call": "top-pages",
        "description": "Top pages report defaults",
        "c": [
            "ut",
            "uu",
            "ueid",
            "uipl",
            "uid",
            "us",
            "upa"
        ]
    },
    "a_ptd": {
        "call": "anchor-text",
        "description": "Anchor text report, phrase to domain",
        "scope": "phrase_to_domain",
        "c": [
            "appt",
            "appeu",
            "appep"
        ]
    },
    "a_pts": {
        "call": "anchor-text",
        "description": "Anchor text report, phrase to subdomain",
        "scope": "phrase_to_subdomain",
        "c": [
            "apft",
            "apfiu",
            "apfeu",
            "apfep"
        ]
    },
    "a_ptp": {
        "call": "anchor-text",
        "description": "Anchor text report, phrase to page",
        "scope": "phrase_to_page",
        "c": [
            "aput",
            "apuiu",
            "apueu",
            "apuep"
        ]
    },
    "a_ttd": {
        "call": "anchor-text",
        "description": "Anchor text report, term to domain",
        "scope": "term_to_domain",
        "c": [
            "atpt",
            "atpeu",
            "atpep"
        ]
    },
    "a_tts": {
        "call": "anchor-text",
        "description": "Anchor text report, term to subdomain",
        "scope": "term_to_subdomain",
        "c": [
            "atft",
            "atfiu",
            "atfeu",
            "atfep"
        ]
    },
    "a_ttp": {
        "call": "anchor-text",
        "description": "Anchor text report, term to page",
        "scope": "term_to_page",
        "c": [
            "atut",
            "atuiu",
            "atueu",
            "atuep"
        ]
    },
    "o_dtd": {
        "call": "links",
        "description": "Incoming links to specified domain, one per linking domain",
        "scope": "domain_to_domain",
        "sort": "domain_authority",
        "tc": [
            "luuu"
        ],
        "sc": [
            "uu",
            "ut",
            "uipl",
            "upa",
            "pda"
        ],
        "lc": [
            "lnt",
            "lf"
        ]
    },
    "o_dts": {
        "call": "links",
        "description": "Incoming links to specified domain, one per linking domain",
        "scope": "domain_to_subdomain",
        "sort": "domain_authority",
        "tc": [
            "luuu"
        ],
        "sc": [
            "uu",
            "ut",
            "uipl",
            "upa",
            "pda"
        ],
        "lc": [
            "lnt",
            "lf"
        ]
    },
    "o_dtp": {
        "call": "links",
        "description": "Incoming links to specified domain, one per linking domain",
        "scope": "domain_to_page",
        "sort": "domain_authority",
        "tc": [
            "luuu"
        ],
        "sc": [
            "uu",
            "ut",
            "uipl",
            "upa",
            "pda"
        ],
        "lc": [
            "lnt",
            "lf"
        ]
    },
    "o_ptd": {
        "call": "links",
        "description": "Incoming links to specified domain, one per linking domain",
        "scope": "page_to_domain",
        "sort": "page_authority",
        "tc": [
            "luuu"
        ],
        "sc": [
            "uu",
            "ut",
            "uipl",
            "upa",
            "pda"
        ],
        "lc": [
            "lnt",
            "lf"
        ]
    },
    "o_pts": {
        "call": "links",
        "description": "Incoming links to specified domain, one per linking domain",
        "scope": "page_to_subdomain",
        "sort": "page_authority",
        "tc": [
            "luuu"
        ],
        "sc": [
            "uu",
            "ut",
            "uipl",
            "upa",
            "pda"
        ],
        "lc": [
            "lnt",
            "lf"
        ]
    },
    "o_ptp": {
        "call": "links",
        "description": "Incoming links to specified domain, one per linking domain",
        "scope": "page_to_page",
        "sort": "page_authority",
        "tc": [
            "luuu"
        ],
        "sc": [
            "uu",
            "ut",
            "uipl",
            "upa",
            "pda"
        ],
        "lc": [
            "lnt",
            "lf"
        ]
    },
    "l_dtd": {
        "call": "links",
        "description": "Incoming links to specified domain, one per linking domain",
        "scope": "domain_to_domain",
        "sort": "domain_authority",
        "tc": [
            "luuu",
            "luupl"
        ],
        "sc": [
            "uu",
            "upl",
            "uipl",
            "pid",
            "us",
            "upa",
            "pda"
        ],
        "lc": [
            "lnt"
        ]
    },
    "l_dts": {
        "call": "links",
        "description": "Incoming links to specified subdomain, one per linking domain",
        "scope": "domain_to_subdomain",
        "sort": "domain_authority",
        "tc": [
            "luuu",
            "luufq"
        ],
        "sc": [
            "uu",
            "upl",
            "uipl",
            "pid",
            "us",
            "upa",
            "pda"
        ],
        "lc": [
            "lnt"
        ]
    },
    "l_dtp": {
        "call": "links",
        "description": "Incoming links to specified page, one per linking domain",
        "scope": "domain_to_page",
        "sort": "domain_authority",
        "tc": [
            "luuu"
        ],
        "sc": [
            "uu",
            "upl",
            "uipl",
            "pid",
            "us",
            "upa",
            "pda"
        ],
        "lc": [
            "lnt"
        ]
    },
    "l_ptd": {
        "call": "links",
        "description": "Incoming links from pages to specified domain",
        "scope": "page_to_domain",
        "sort": "page_authority",
        "tc": [
            "luuu",
            "luupl"
        ],
        "sc": [
            "uu",
            "upl",
            "uipl",
            "pid",
            "us",
            "upa",
            "pda"
        ],
        "lc": [
            "lnt"
        ]
    },
    "l_pts": {
        "call": "links",
        "description": "Incoming links from pages to specified subdomain",
        "scope": "page_to_subdomain",
        "sort": "page_authority",
        "tc": [
            "luuu",
            "luufq"
        ],
        "sc": [
            "uu",
            "upl",
            "uipl",
            "pid",
            "us",
            "upa",
            "pda"
        ],
        "lc": [
            "lnt"
        ]
    },
    "l_ptp": {
        "call": "links",
        "description": "Incoming links from pages to specified page",
        "scope": "page_to_page",
        "sort": "page_authority",
        "tc": [
            "luuu"
        ],
        "sc": [
            "uu",
            "upl",
            "uipl",
            "pid",
            "us",
            "upa",
            "pda"
        ],
        "lc": [
            "lnt"
        ]
    }
}
